variant,base_variant,split_id,experiment_group,history_strategy,freq_strategy,deploy_context_mode,group,value,n_trials,global_bce,pattern_bce,model_bce,improvement_vs_pattern
task2_best_C4_bits_H24_GRU2_freqRBF16,task2_best_C4_bits_H24_GRU2_freqRBF16,random,single_best,H24_D64_embedding_layers2,direct_rbf16_plus_context,z_window_summary,frequency,37.5,219,0.0518268197774887,0.0491788797080516,0.0459530688822269,0.065593418251384
task2_best_C4_bits_H24_GRU2_freqRBF16,task2_best_C4_bits_H24_GRU2_freqRBF16,random,single_best,H24_D64_embedding_layers2,direct_rbf16_plus_context,z_window_summary,frequency,34.0,182,0.0459790304303169,0.0436751618981361,0.0413081012666225,0.0541969515083723
task2_best_C4_bits_H24_GRU2_freqRBF16,task2_best_C4_bits_H24_GRU2_freqRBF16,random,single_best,H24_D64_embedding_layers2,direct_rbf16_plus_context,z_window_summary,frequency,28.5,157,0.0457924008369445,0.0433903895318508,0.04055792465806,0.0652786228552192
task2_best_C4_bits_H24_GRU2_freqRBF16,task2_best_C4_bits_H24_GRU2_freqRBF16,random,single_best,H24_D64_embedding_layers2,direct_rbf16_plus_context,z_window_summary,frequency,36.5,185,0.0453873202204704,0.0429736413061618,0.0402682870626449,0.0629538051998634
task2_best_C4_bits_H24_GRU2_freqRBF16,task2_best_C4_bits_H24_GRU2_freqRBF16,random,single_best,H24_D64_embedding_layers2,direct_rbf16_plus_context,z_window_summary,frequency,36.0,218,0.044642437249422,0.0427301600575447,0.0398742258548736,0.0668364967232737
task2_best_C4_bits_H24_GRU2_freqRBF16,task2_best_C4_bits_H24_GRU2_freqRBF16,random,single_best,H24_D64_embedding_layers2,direct_rbf16_plus_context,z_window_summary,frequency,38.0,204,0.0437568612396717,0.0418498888611793,0.0397176444530487,0.050949822476316
task2_best_C4_bits_H24_GRU2_freqRBF16,task2_best_C4_bits_H24_GRU2_freqRBF16,random,single_best,H24_D64_embedding_layers2,direct_rbf16_plus_context,z_window_summary,frequency,40.0,214,0.0443071164190769,0.0422303304076194,0.0396136157214641,0.061962922404301
task2_best_C4_bits_H24_GRU2_freqRBF16,task2_best_C4_bits_H24_GRU2_freqRBF16,random,single_best,H24_D64_embedding_layers2,direct_rbf16_plus_context,z_window_summary,frequency,37.0,184,0.0427911318838596,0.0410300940275192,0.0386736281216144,0.0574326226092552
task2_best_C4_bits_H24_GRU2_freqRBF16,task2_best_C4_bits_H24_GRU2_freqRBF16,random,single_best,H24_D64_embedding_layers2,direct_rbf16_plus_context,z_window_summary,frequency,26.5,145,0.0433021709322929,0.0409840308129787,0.0386249274015426,0.0575615273715098
task2_best_C4_bits_H24_GRU2_freqRBF16,task2_best_C4_bits_H24_GRU2_freqRBF16,random,single_best,H24_D64_embedding_layers2,direct_rbf16_plus_context,z_window_summary,frequency,29.5,162,0.0432507842779159,0.0409176759421825,0.0383935868740081,0.061687009588251
task2_best_C4_bits_H24_GRU2_freqRBF16,task2_best_C4_bits_H24_GRU2_freqRBF16,random,single_best,H24_D64_embedding_layers2,direct_rbf16_plus_context,z_window_summary,frequency,39.0,235,0.0427737273275852,0.040754310786724,0.0383380129933357,0.0592893793746964
task2_best_C4_bits_H24_GRU2_freqRBF16,task2_best_C4_bits_H24_GRU2_freqRBF16,random,single_best,H24_D64_embedding_layers2,direct_rbf16_plus_context,z_window_summary,frequency,1.0,4,0.0383426845073699,0.0387134701013565,0.0382187850773334,0.0127781111516976
task2_best_C4_bits_H24_GRU2_freqRBF16,task2_best_C4_bits_H24_GRU2_freqRBF16,random,single_best,H24_D64_embedding_layers2,direct_rbf16_plus_context,z_window_summary,frequency,31.5,176,0.0426152907311916,0.0407318025827407,0.0381133705377578,0.0642847082366154
task2_best_C4_bits_H24_GRU2_freqRBF16,task2_best_C4_bits_H24_GRU2_freqRBF16,random,single_best,H24_D64_embedding_layers2,direct_rbf16_plus_context,z_window_summary,frequency,31.0,169,0.0427905768156051,0.0405578836798667,0.0379827506840229,0.063492785180066
task2_best_C4_bits_H24_GRU2_freqRBF16,task2_best_C4_bits_H24_GRU2_freqRBF16,random,single_best,H24_D64_embedding_layers2,direct_rbf16_plus_context,z_window_summary,frequency,39.5,227,0.0418065413832664,0.0400535650551319,0.0374073386192321,0.0660671885825225
task2_best_C4_bits_H24_GRU2_freqRBF16,task2_best_C4_bits_H24_GRU2_freqRBF16,random,single_best,H24_D64_embedding_layers2,direct_rbf16_plus_context,z_window_summary,frequency,38.5,213,0.0418276563286781,0.0395279489457607,0.0374019518494606,0.0537846549846885
task2_best_C4_bits_H24_GRU2_freqRBF16,task2_best_C4_bits_H24_GRU2_freqRBF16,random,single_best,H24_D64_embedding_layers2,direct_rbf16_plus_context,z_window_summary,frequency,21.0,96,0.0411724932491779,0.0393062606453895,0.0373269878327846,0.0503551541181026
task2_best_C4_bits_H24_GRU2_freqRBF16,task2_best_C4_bits_H24_GRU2_freqRBF16,random,single_best,H24_D64_embedding_layers2,direct_rbf16_plus_context,z_window_summary,frequency,33.5,181,0.0417549386620521,0.0393625535070896,0.0372697375714778,0.0531676872851957
task2_best_C4_bits_H24_GRU2_freqRBF16,task2_best_C4_bits_H24_GRU2_freqRBF16,random,single_best,H24_D64_embedding_layers2,direct_rbf16_plus_context,z_window_summary,frequency,35.5,212,0.041404616087675,0.0392336882650852,0.0371937155723571,0.0519954351205734
task2_best_C4_bits_H24_GRU2_freqRBF16,task2_best_C4_bits_H24_GRU2_freqRBF16,random,single_best,H24_D64_embedding_layers2,direct_rbf16_plus_context,z_window_summary,frequency,35.0,206,0.0406070202589035,0.0384742580354213,0.0367038026452064,0.0460166220381676
task2_best_C4_bits_H24_GRU2_freqRBF16,task2_best_C4_bits_H24_GRU2_freqRBF16,random,single_best,H24_D64_embedding_layers2,direct_rbf16_plus_context,z_window_summary,frequency,32.0,183,0.041142538189888,0.0385649353265762,0.0366199277341365,0.0504346131004474
task2_best_C4_bits_H24_GRU2_freqRBF16,task2_best_C4_bits_H24_GRU2_freqRBF16,random,single_best,H24_D64_embedding_layers2,direct_rbf16_plus_context,z_window_summary,frequency,34.5,178,0.0401671752333641,0.0380055122077465,0.036222718656063,0.0469088152775914
task2_best_C4_bits_H24_GRU2_freqRBF16,task2_best_C4_bits_H24_GRU2_freqRBF16,random,single_best,H24_D64_embedding_layers2,direct_rbf16_plus_context,z_window_summary,frequency,30.5,174,0.0399056896567344,0.0377626046538353,0.0362000502645969,0.0413783530972527
task2_best_C4_bits_H24_GRU2_freqRBF16,task2_best_C4_bits_H24_GRU2_freqRBF16,random,single_best,H24_D64_embedding_layers2,direct_rbf16_plus_context,z_window_summary,frequency,2.5,8,0.042045421898365,0.040124773979187,0.0359472148120403,0.1041142105700984
task2_best_C4_bits_H24_GRU2_freqRBF16,task2_best_C4_bits_H24_GRU2_freqRBF16,random,single_best,H24_D64_embedding_layers2,direct_rbf16_plus_context,z_window_summary,frequency,25.0,118,0.0398055799305439,0.0377068445086479,0.0353883542120456,0.0614872532245574
task2_best_C4_bits_H24_GRU2_freqRBF16,task2_best_C4_bits_H24_GRU2_freqRBF16,random,single_best,H24_D64_embedding_layers2,direct_rbf16_plus_context,z_window_summary,frequency,26.0,164,0.0386219918727874,0.0367239713668823,0.0352261401712894,0.0407861987645384
task2_best_C4_bits_H24_GRU2_freqRBF16,task2_best_C4_bits_H24_GRU2_freqRBF16,random,single_best,H24_D64_embedding_layers2,direct_rbf16_plus_context,z_window_summary,frequency,28.0,165,0.0398541204631328,0.0373064652085304,0.0351320169866085,0.0582860962508105
task2_best_C4_bits_H24_GRU2_freqRBF16,task2_best_C4_bits_H24_GRU2_freqRBF16,random,single_best,H24_D64_embedding_layers2,direct_rbf16_plus_context,z_window_summary,frequency,30.0,162,0.0393449291586875,0.0372555367648601,0.0349928922951221,0.0607331061693938
task2_best_C4_bits_H24_GRU2_freqRBF16,task2_best_C4_bits_H24_GRU2_freqRBF16,random,single_best,H24_D64_embedding_layers2,direct_rbf16_plus_context,z_window_summary,frequency,33.0,196,0.0386041291058063,0.0370168685913085,0.0347435399889946,0.0614133147623341
task2_best_C4_bits_H24_GRU2_freqRBF16,task2_best_C4_bits_H24_GRU2_freqRBF16,random,single_best,H24_D64_embedding_layers2,direct_rbf16_plus_context,z_window_summary,frequency,24.5,127,0.0379231870174407,0.0358244515955448,0.0341346934437751,0.0471677325544818
task2_best_C4_bits_H24_GRU2_freqRBF16,task2_best_C4_bits_H24_GRU2_freqRBF16,random,single_best,H24_D64_embedding_layers2,direct_rbf16_plus_context,z_window_summary,frequency,32.5,162,0.0385820120573043,0.0361402034759521,0.033875972032547,0.0626513197390208
task2_best_C4_bits_H24_GRU2_freqRBF16,task2_best_C4_bits_H24_GRU2_freqRBF16,random,single_best,H24_D64_embedding_layers2,direct_rbf16_plus_context,z_window_summary,frequency,24.0,128,0.0362971574068069,0.0342984236776828,0.032979816198349,0.0384451335643119
task2_best_C4_bits_H24_GRU2_freqRBF16,task2_best_C4_bits_H24_GRU2_freqRBF16,random,single_best,H24_D64_embedding_layers2,direct_rbf16_plus_context,z_window_summary,frequency,22.5,128,0.0365278609097003,0.0349740497767925,0.0327450707554817,0.0637323682998207
task2_best_C4_bits_H24_GRU2_freqRBF16,task2_best_C4_bits_H24_GRU2_freqRBF16,random,single_best,H24_D64_embedding_layers2,direct_rbf16_plus_context,z_window_summary,frequency,23.5,135,0.0366660691797733,0.0347299017012119,0.0327112600207328,0.058124025165571
task2_best_C4_bits_H24_GRU2_freqRBF16,task2_best_C4_bits_H24_GRU2_freqRBF16,random,single_best,H24_D64_embedding_layers2,direct_rbf16_plus_context,z_window_summary,frequency,27.5,154,0.0357779040932655,0.0339468419551849,0.0326035693287849,0.0395698848267924
task2_best_C4_bits_H24_GRU2_freqRBF16,task2_best_C4_bits_H24_GRU2_freqRBF16,random,single_best,H24_D64_embedding_layers2,direct_rbf16_plus_context,z_window_summary,frequency,29.0,148,0.0365057066082954,0.0346956178545951,0.0324440337717533,0.0648953447746043
task2_best_C4_bits_H24_GRU2_freqRBF16,task2_best_C4_bits_H24_GRU2_freqRBF16,random,single_best,H24_D64_embedding_layers2,direct_rbf16_plus_context,z_window_summary,frequency,3.5,21,0.037764336913824,0.0369121730327606,0.0322541557252407,0.1261919016088754
task2_best_C4_bits_H24_GRU2_freqRBF16,task2_best_C4_bits_H24_GRU2_freqRBF16,random,single_best,H24_D64_embedding_layers2,direct_rbf16_plus_context,z_window_summary,frequency,20.0,108,0.0354183875024318,0.033267717808485,0.0316235162317752,0.04942333544414
task2_best_C4_bits_H24_GRU2_freqRBF16,task2_best_C4_bits_H24_GRU2_freqRBF16,random,single_best,H24_D64_embedding_layers2,direct_rbf16_plus_context,z_window_summary,frequency,16.0,102,0.0366301424801349,0.0343768149614334,0.0316203646361827,0.0801834122312676
task2_best_C4_bits_H24_GRU2_freqRBF16,task2_best_C4_bits_H24_GRU2_freqRBF16,random,single_best,H24_D64_embedding_layers2,direct_rbf16_plus_context,z_window_summary,frequency,15.0,77,0.0338455326855182,0.0325988605618476,0.0309427063912153,0.0508040508805591
task2_best_C4_bits_H24_GRU2_freqRBF16,task2_best_C4_bits_H24_GRU2_freqRBF16,random,single_best,H24_D64_embedding_layers2,direct_rbf16_plus_context,z_window_summary,frequency,2.0,10,0.0356792844831943,0.033095359802246,0.0308077111840248,0.0691229414603924
task2_best_C4_bits_H24_GRU2_freqRBF16,task2_best_C4_bits_H24_GRU2_freqRBF16,random,single_best,H24_D64_embedding_layers2,direct_rbf16_plus_context,z_window_summary,frequency,25.5,134,0.0337019376456737,0.0319898836314678,0.030459051951766,0.0478536182668684
task2_best_C4_bits_H24_GRU2_freqRBF16,task2_best_C4_bits_H24_GRU2_freqRBF16,random,single_best,H24_D64_embedding_layers2,direct_rbf16_plus_context,z_window_summary,frequency,17.5,105,0.0339892096817493,0.0320883095264434,0.0300988797098398,0.0619985859636576
task2_best_C4_bits_H24_GRU2_freqRBF16,task2_best_C4_bits_H24_GRU2_freqRBF16,random,single_best,H24_D64_embedding_layers2,direct_rbf16_plus_context,z_window_summary,frequency,20.5,119,0.0341595411300659,0.0319212898612022,0.0298881623893976,0.0636918959304248
task2_best_C4_bits_H24_GRU2_freqRBF16,task2_best_C4_bits_H24_GRU2_freqRBF16,random,single_best,H24_D64_embedding_layers2,direct_rbf16_plus_context,z_window_summary,frequency,21.5,123,0.0338209681212902,0.0321851223707199,0.0296650864183902,0.0782981628375666
task2_best_C4_bits_H24_GRU2_freqRBF16,task2_best_C4_bits_H24_GRU2_freqRBF16,random,single_best,H24_D64_embedding_layers2,direct_rbf16_plus_context,z_window_summary,frequency,15.5,94,0.0330500341951847,0.031390942633152,0.0292979422956705,0.0666752942701083
task2_best_C4_bits_H24_GRU2_freqRBF16,task2_best_C4_bits_H24_GRU2_freqRBF16,random,single_best,H24_D64_embedding_layers2,direct_rbf16_plus_context,z_window_summary,frequency,27.0,153,0.0326955392956733,0.0309447795152664,0.0292943604290485,0.0533343301219404
task2_best_C4_bits_H24_GRU2_freqRBF16,task2_best_C4_bits_H24_GRU2_freqRBF16,random,single_best,H24_D64_embedding_layers2,direct_rbf16_plus_context,z_window_summary,frequency,19.0,96,0.033292680978775,0.0316825993359088,0.0292860865592956,0.0756412929130167
task2_best_C4_bits_H24_GRU2_freqRBF16,task2_best_C4_bits_H24_GRU2_freqRBF16,random,single_best,H24_D64_embedding_layers2,direct_rbf16_plus_context,z_window_summary,frequency,13.5,72,0.0330362915992736,0.0315995626151561,0.0291681569069623,0.076944283622065
task2_best_C4_bits_H24_GRU2_freqRBF16,task2_best_C4_bits_H24_GRU2_freqRBF16,random,single_best,H24_D64_embedding_layers2,direct_rbf16_plus_context,z_window_summary,frequency,23.0,133,0.0322532691061496,0.0305341500788927,0.0285420026630163,0.065243257491339
task2_best_C4_bits_H24_GRU2_freqRBF16,task2_best_C4_bits_H24_GRU2_freqRBF16,random,single_best,H24_D64_embedding_layers2,direct_rbf16_plus_context,z_window_summary,frequency,19.5,121,0.0317986570298671,0.029703564941883,0.0276590287685394,0.068831339852436
task2_best_C4_bits_H24_GRU2_freqRBF16,task2_best_C4_bits_H24_GRU2_freqRBF16,random,single_best,H24_D64_embedding_layers2,direct_rbf16_plus_context,z_window_summary,frequency,14.5,77,0.0310215931385755,0.0294945612549781,0.0275978259742259,0.064307967301329
task2_best_C4_bits_H24_GRU2_freqRBF16,task2_best_C4_bits_H24_GRU2_freqRBF16,random,single_best,H24_D64_embedding_layers2,direct_rbf16_plus_context,z_window_summary,frequency,18.0,81,0.030462896451354,0.0293331630527973,0.0272447653114795,0.07119579083779
task2_best_C4_bits_H24_GRU2_freqRBF16,task2_best_C4_bits_H24_GRU2_freqRBF16,random,single_best,H24_D64_embedding_layers2,direct_rbf16_plus_context,z_window_summary,frequency,22.0,125,0.0300074983388185,0.0284820143133401,0.0268520638346672,0.057227359720466
task2_best_C4_bits_H24_GRU2_freqRBF16,task2_best_C4_bits_H24_GRU2_freqRBF16,random,single_best,H24_D64_embedding_layers2,direct_rbf16_plus_context,z_window_summary,frequency,8.5,47,0.0283547583967447,0.0271454043686389,0.0256627164781093,0.0546202174922314
task2_best_C4_bits_H24_GRU2_freqRBF16,task2_best_C4_bits_H24_GRU2_freqRBF16,random,single_best,H24_D64_embedding_layers2,direct_rbf16_plus_context,z_window_summary,frequency,17.0,93,0.0285872798413038,0.0269400868564844,0.0255808103829622,0.0504555341919772
task2_best_C4_bits_H24_GRU2_freqRBF16,task2_best_C4_bits_H24_GRU2_freqRBF16,random,single_best,H24_D64_embedding_layers2,direct_rbf16_plus_context,z_window_summary,frequency,4.5,21,0.0301997456699609,0.0290754362940788,0.0253008119761943,0.129821760186386
task2_best_C4_bits_H24_GRU2_freqRBF16,task2_best_C4_bits_H24_GRU2_freqRBF16,random,single_best,H24_D64_embedding_layers2,direct_rbf16_plus_context,z_window_summary,frequency,18.5,84,0.0278110597282648,0.0263341460376977,0.0245508980005979,0.0677161900198733
task2_best_C4_bits_H24_GRU2_freqRBF16,task2_best_C4_bits_H24_GRU2_freqRBF16,random,single_best,H24_D64_embedding_layers2,direct_rbf16_plus_context,z_window_summary,frequency,14.0,79,0.0284938421100378,0.0270652789622545,0.0244216043502092,0.0976777152650885
task2_best_C4_bits_H24_GRU2_freqRBF16,task2_best_C4_bits_H24_GRU2_freqRBF16,random,single_best,H24_D64_embedding_layers2,direct_rbf16_plus_context,z_window_summary,frequency,12.0,63,0.0291337314993143,0.0272862687706947,0.0241457019001245,0.1150969704565517
task2_best_C4_bits_H24_GRU2_freqRBF16,task2_best_C4_bits_H24_GRU2_freqRBF16,random,single_best,H24_D64_embedding_layers2,direct_rbf16_plus_context,z_window_summary,frequency,7.5,37,0.0260566640645265,0.0257663913071155,0.0237775463610887,0.077187562756511
task2_best_C4_bits_H24_GRU2_freqRBF16,task2_best_C4_bits_H24_GRU2_freqRBF16,random,single_best,H24_D64_embedding_layers2,direct_rbf16_plus_context,z_window_summary,frequency,9.5,58,0.0285713821649551,0.0263010747730731,0.0237346366047859,0.0975792126531184
task2_best_C4_bits_H24_GRU2_freqRBF16,task2_best_C4_bits_H24_GRU2_freqRBF16,random,single_best,H24_D64_embedding_layers2,direct_rbf16_plus_context,z_window_summary,frequency,13.0,65,0.0267471931874752,0.0254548247903585,0.0236286763101816,0.071740760159096
task2_best_C4_bits_H24_GRU2_freqRBF16,task2_best_C4_bits_H24_GRU2_freqRBF16,random,single_best,H24_D64_embedding_layers2,direct_rbf16_plus_context,z_window_summary,frequency,4.0,24,0.0279280189424753,0.0260122772306203,0.0236022975295782,0.0926477785730064
task2_best_C4_bits_H24_GRU2_freqRBF16,task2_best_C4_bits_H24_GRU2_freqRBF16,random,single_best,H24_D64_embedding_layers2,direct_rbf16_plus_context,z_window_summary,frequency,3.0,16,0.0258069112896919,0.025538420304656,0.0230726860463619,0.096549991302499
task2_best_C4_bits_H24_GRU2_freqRBF16,task2_best_C4_bits_H24_GRU2_freqRBF16,random,single_best,H24_D64_embedding_layers2,direct_rbf16_plus_context,z_window_summary,frequency,12.5,68,0.0270026084035635,0.0254394467920064,0.0230124667286872,0.0954022343002287
task2_best_C4_bits_H24_GRU2_freqRBF16,task2_best_C4_bits_H24_GRU2_freqRBF16,random,single_best,H24_D64_embedding_layers2,direct_rbf16_plus_context,z_window_summary,frequency,11.5,64,0.0269998498260974,0.0249090176075696,0.0224134419113397,0.1001876402974457
task2_best_C4_bits_H24_GRU2_freqRBF16,task2_best_C4_bits_H24_GRU2_freqRBF16,random,single_best,H24_D64_embedding_layers2,direct_rbf16_plus_context,z_window_summary,frequency,5.0,28,0.025961285457015,0.0242145955562591,0.0218081604689359,0.0993795284225243
task2_best_C4_bits_H24_GRU2_freqRBF16,task2_best_C4_bits_H24_GRU2_freqRBF16,random,single_best,H24_D64_embedding_layers2,direct_rbf16_plus_context,z_window_summary,frequency,1.5,9,0.0272034630179405,0.0244332086294889,0.0216114856302738,0.115487206040124
task2_best_C4_bits_H24_GRU2_freqRBF16,task2_best_C4_bits_H24_GRU2_freqRBF16,random,single_best,H24_D64_embedding_layers2,direct_rbf16_plus_context,z_window_summary,frequency,8.0,42,0.0252795461565256,0.0238027926534414,0.0211898107081651,0.1097762763941261
task2_best_C4_bits_H24_GRU2_freqRBF16,task2_best_C4_bits_H24_GRU2_freqRBF16,random,single_best,H24_D64_embedding_layers2,direct_rbf16_plus_context,z_window_summary,frequency,16.5,94,0.0255123227834701,0.0232307333499193,0.0211038086563348,0.0915565023947825
task2_best_C4_bits_H24_GRU2_freqRBF16,task2_best_C4_bits_H24_GRU2_freqRBF16,random,single_best,H24_D64_embedding_layers2,direct_rbf16_plus_context,z_window_summary,frequency,11.0,58,0.0243614111095666,0.022646389901638,0.0204152856022119,0.09851920368397
task2_best_C4_bits_H24_GRU2_freqRBF16,task2_best_C4_bits_H24_GRU2_freqRBF16,random,single_best,H24_D64_embedding_layers2,direct_rbf16_plus_context,z_window_summary,frequency,6.0,38,0.0234583206474781,0.0231107715517282,0.0193867478519678,0.161138008370904
task2_best_C4_bits_H24_GRU2_freqRBF16,task2_best_C4_bits_H24_GRU2_freqRBF16,random,single_best,H24_D64_embedding_layers2,direct_rbf16_plus_context,z_window_summary,frequency,10.5,57,0.0228669196367263,0.0213729497045278,0.019308453425765,0.0965938865389953
task2_best_C4_bits_H24_GRU2_freqRBF16,task2_best_C4_bits_H24_GRU2_freqRBF16,random,single_best,H24_D64_embedding_layers2,direct_rbf16_plus_context,z_window_summary,frequency,6.5,27,0.0230883453041315,0.0213555470108985,0.0185479968786239,0.1314670202941569
task2_best_C4_bits_H24_GRU2_freqRBF16,task2_best_C4_bits_H24_GRU2_freqRBF16,random,single_best,H24_D64_embedding_layers2,direct_rbf16_plus_context,z_window_summary,frequency,10.0,49,0.0221063271164894,0.0214549675583839,0.018309598788619,0.146603287150429
task2_best_C4_bits_H24_GRU2_freqRBF16,task2_best_C4_bits_H24_GRU2_freqRBF16,random,single_best,H24_D64_embedding_layers2,direct_rbf16_plus_context,z_window_summary,frequency,7.0,34,0.0215441584587097,0.0204395409673452,0.0180941373109817,0.114748352720375
task2_best_C4_bits_H24_GRU2_freqRBF16,task2_best_C4_bits_H24_GRU2_freqRBF16,random,single_best,H24_D64_embedding_layers2,direct_rbf16_plus_context,z_window_summary,frequency,9.0,53,0.0222782734781503,0.0206583607941865,0.0178555157035589,0.1356760644540786
task2_best_C4_bits_H24_GRU2_freqRBF16,task2_best_C4_bits_H24_GRU2_freqRBF16,random,single_best,H24_D64_embedding_layers2,direct_rbf16_plus_context,z_window_summary,frequency,5.5,32,0.0216500908136367,0.0203104633837938,0.0170282609760761,0.1616015521505357
